Pages les plus populaires,Clics,Impressions,CTR,Position
https://demo-site.fr/guides/article-1-isolation-thermique,68,6402,1.07%,9.8
https://demo-site.fr/guides/article-2-pompe-a-chaleur,30,4067,0.76%,6.4
https://demo-site.fr/guides/article-3-panneaux-solaires,162,16728,0.97%,5.2
https://demo-site.fr/guides/article-4-renovation-energetique,52,8879,0.59%,1.3
https://demo-site.fr/guides/article-5-dpe-classe-g,261,29386,0.89%,7.7
https://demo-site.fr/guides/article-6-aides-maprimerenov,136,27138,0.50%,5.9
https://demo-site.fr/guides/article-7-chaudiere-gaz,54,987,5.55%,2.1
https://demo-site.fr/guides/article-8-fenetres-double-vitrage,29,1350,2.18%,1.3
https://demo-site.fr/guides/article-9-vmc-double-flux,46,2267,2.06%,10.7
https://demo-site.fr/guides/article-10-poele-a-granules,94,2861,3.30%,5.6
https://demo-site.fr/guides/article-11-bardage-bois,8,168,5.17%,9.4
https://demo-site.fr/guides/article-12-toiture-ardoise,110,2080,5.32%,4.8
https://demo-site.fr/blog/article-1-isolation-thermique,93,2822,3.31%,6.1
https://demo-site.fr/blog/article-2-pompe-a-chaleur,93,1236,7.56%,5.6
https://demo-site.fr/blog/article-3-panneaux-solaires,175,2329,7.53%,2.1
https://demo-site.fr/blog/article-4-renovation-energetique,208,2627,7.96%,10.5
https://demo-site.fr/blog/article-5-dpe-classe-g,35,545,6.46%,10.9
https://demo-site.fr/blog/article-6-aides-maprimerenov,148,2963,5.00%,11.6
https://demo-site.fr/blog/article-7-chaudiere-gaz,148,2129,6.98%,8.4
https://demo-site.fr/blog/article-8-fenetres-double-vitrage,47,1292,3.70%,11.7
https://demo-site.fr/blog/article-9-vmc-double-flux,148,2095,7.08%,6.6
https://demo-site.fr/blog/article-10-poele-a-granules,175,2462,7.12%,6.3
https://demo-site.fr/blog/article-11-bardage-bois,76,1705,4.49%,2.9
https://demo-site.fr/blog/article-12-toiture-ardoise,167,2297,7.30%,9.5
https://demo-site.fr/produits/article-1-isolation-thermique,39,1584,2.52%,8.3
https://demo-site.fr/produits/article-2-pompe-a-chaleur,32,492,6.67%,6.7
https://demo-site.fr/produits/article-3-panneaux-solaires,70,1660,4.22%,9.1
https://demo-site.fr/produits/article-4-renovation-energetique,44,1972,2.26%,8.7
https://demo-site.fr/produits/article-5-dpe-classe-g,142,2568,5.56%,5.3
https://demo-site.fr/produits/article-6-aides-maprimerenov,22,747,3.01%,3.5
https://demo-site.fr/produits/article-7-chaudiere-gaz,6,100,6.62%,6.9
https://demo-site.fr/produits/article-8-fenetres-double-vitrage,77,2295,3.39%,6.7
https://demo-site.fr/produits/article-9-vmc-double-flux,99,2416,4.12%,11.0
https://demo-site.fr/produits/article-10-poele-a-granules,145,2750,5.29%,11.5
https://demo-site.fr/produits/article-11-bardage-bois,3,73,4.30%,10.4
https://demo-site.fr/produits/article-12-toiture-ardoise,147,2149,6.85%,6.7
https://demo-site.fr/comparatifs/article-1-isolation-thermique,75,2349,3.23%,11.4
https://demo-site.fr/comparatifs/article-2-pompe-a-chaleur,145,2020,7.22%,7.3
https://demo-site.fr/comparatifs/article-3-panneaux-solaires,66,868,7.65%,5.5
https://demo-site.fr/comparatifs/article-4-renovation-energetique,67,1511,4.49%,1.0
https://demo-site.fr/comparatifs/article-5-dpe-classe-g,129,2262,5.74%,7.7
https://demo-site.fr/comparatifs/article-6-aides-maprimerenov,107,1926,5.60%,9.9
https://demo-site.fr/comparatifs/article-7-chaudiere-gaz,81,2652,3.06%,7.4
https://demo-site.fr/comparatifs/article-8-fenetres-double-vitrage,28,425,6.79%,9.8
https://demo-site.fr/comparatifs/article-9-vmc-double-flux,24,1095,2.19%,11.4
https://demo-site.fr/comparatifs/article-10-poele-a-granules,8,338,2.50%,1.2
https://demo-site.fr/comparatifs/article-11-bardage-bois,7,109,6.52%,4.1
https://demo-site.fr/comparatifs/article-12-toiture-ardoise,30,1150,2.66%,7.9
https://demo-site.fr/guides/page-fantome-jamais-crawlee,0,120,0%,45.0
